[
  {
    "id": 15738882,
    "position": 1,
    "title": "Module 3: Survey Research Part II",
    "indent": 0,
    "quiz_lti": false,
    "type": "Page",
    "module_id": 2594466,
    "html_url": "https://canvas.umn.edu/courses/544898/modules/items/15738882",
    "page_url": "module-3-survey-research-part-ii",
    "publish_at": null,
    "url": "https://canvas.umn.edu/api/v1/courses/544898/pages/module-3-survey-research-part-ii"
  },
  {
    "id": 16309756,
    "position": 3,
    "title": "Week3a_Survey Questionnaire Design.pptx",
    "indent": 1,
    "quiz_lti": false,
    "type": "File",
    "module_id": 2594466,
    "html_url": "https://canvas.umn.edu/courses/544898/modules/items/16309756",
    "content_id": 59509069,
    "url": "https://canvas.umn.edu/api/v1/courses/544898/files/59509069"
  },
  {
    "id": 15738892,
    "position": 5,
    "title": "Activities",
    "indent": 0,
    "quiz_lti": false,
    "type": "SubHeader",
    "module_id": 2594466
  },
  {
    "id": 16309758,
    "position": 6,
    "title": "Flawed_Survey_Questionnaire_QuickBite.docx",
    "indent": 1,
    "quiz_lti": false,
    "type": "File",
    "module_id": 2594466,
    "html_url": "https://canvas.umn.edu/courses/544898/modules/items/16309758",
    "content_id": 59509062,
    "url": "https://canvas.umn.edu/api/v1/courses/544898/files/59509062"
  },
  {
    "id": 15738893,
    "position": 7,
    "title": "Group Research - Qualitative Research Plan",
    "indent": 1,
    "quiz_lti": false,
    "type": "Assignment",
    "module_id": 2594466,
    "html_url": "https://canvas.umn.edu/courses/544898/modules/items/15738893",
    "content_id": 5038770,
    "url": "https://canvas.umn.edu/api/v1/courses/544898/assignments/5038770"
  },
  {
    "id": 15738894,
    "position": 8,
    "title": "Quiz - Survey Research",
    "indent": 1,
    "quiz_lti": false,
    "type": "Quiz",
    "module_id": 2594466,
    "html_url": "https://canvas.umn.edu/courses/544898/modules/items/15738894",
    "content_id": 1132484,
    "url": "https://canvas.umn.edu/api/v1/courses/544898/quizzes/1132484"
  }
]