[
  {
    "id": 2594463,
    "position": 1,
    "name": "Start Here",
    "unlock_at": null,
    "require_sequential_progress": false,
    "requirement_type": "all",
    "publish_final_grade": false,
    "prerequisite_module_ids": [],
    "state": "completed",
    "completed_at": "2026-01-20T22:47:11Z",
    "items_count": 2,
    "items_url": "https://canvas.umn.edu/api/v1/courses/544898/modules/2594463/items"
  },
  {
    "id": 2594464,
    "position": 2,
    "name": "Module 01",
    "unlock_at": null,
    "require_sequential_progress": false,
    "requirement_type": "all",
    "publish_final_grade": false,
    "prerequisite_module_ids": [],
    "state": "completed",
    "completed_at": "2026-01-20T22:47:11Z",
    "items_count": 7,
    "items_url": "https://canvas.umn.edu/api/v1/courses/544898/modules/2594464/items"
  },
  {
    "id": 2594465,
    "position": 3,
    "name": "Module 02",
    "unlock_at": null,
    "require_sequential_progress": false,
    "requirement_type": "all",
    "publish_final_grade": false,
    "prerequisite_module_ids": [],
    "state": "completed",
    "completed_at": "2026-01-22T13:04:06Z",
    "items_count": 7,
    "items_url": "https://canvas.umn.edu/api/v1/courses/544898/modules/2594465/items"
  },
  {
    "id": 2594466,
    "position": 4,
    "name": "Module 03",
    "unlock_at": null,
    "require_sequential_progress": false,
    "requirement_type": "all",
    "publish_final_grade": false,
    "prerequisite_module_ids": [],
    "state": "completed",
    "completed_at": "2026-01-27T15:28:13Z",
    "items_count": 6,
    "items_url": "https://canvas.umn.edu/api/v1/courses/544898/modules/2594466/items"
  }
]