[
  {
    "id": 1132483,
    "title": "Quiz - Linear Regression Analysis",
    "html_url": "https://canvas.umn.edu/courses/544898/quizzes/1132483",
    "mobile_url": "https://canvas.umn.edu/courses/544898/quizzes/1132483?force_user=1&persist_headless=1",
    "description": "",
    "quiz_type": "assignment",
    "time_limit": 90,
    "timer_autosubmit_disabled": false,
    "shuffle_answers": true,
    "show_correct_answers": false,
    "scoring_policy": "keep_highest",
    "allowed_attempts": 1,
    "one_question_at_a_time": false,
    "question_count": 4,
    "points_possible": 8.0,
    "cant_go_back": false,
    "ip_filter": null,
    "due_at": "2026-03-02T05:59:00Z",
    "lock_at": "2026-03-09T04:59:00Z",
    "unlock_at": "2026-02-23T06:00:00Z",
    "published": true,
    "locked_for_user": true,
    "lock_info": {
      "unlock_at": "2026-02-23T06:00:00Z",
      "asset_string": "quizzes:quiz_1132483"
    },
    "lock_explanation": "This quiz is locked until Feb 23 at 12am.",
    "hide_results": null,
    "show_correct_answers_at": null,
    "hide_correct_answers_at": null,
    "all_dates": [
      {
        "due_at": "2026-03-02T05:59:00Z",
        "unlock_at": "2026-02-23T06:00:00Z",
        "lock_at": "2026-03-09T04:59:00Z",
        "title": "Everyone",
        "base": true
      }
    ],
    "can_update": false,
    "require_lockdown_browser": false,
    "require_lockdown_browser_for_results": false,
    "require_lockdown_browser_monitor": false,
    "lockdown_browser_monitor_data": "",
    "permissions": {
      "read": true,
      "create": false,
      "manage": false,
      "update": false,
      "submit": true,
      "preview": false,
      "delete": false,
      "read_statistics": false,
      "grade": false,
      "review_grades": false,
      "view_answer_audits": false,
      "manage_assign_to": false
    },
    "quiz_reports_url": "https://canvas.umn.edu/api/v1/courses/544898/quizzes/1132483/reports",
    "quiz_statistics_url": "https://canvas.umn.edu/api/v1/courses/544898/quizzes/1132483/statistics",
    "important_dates": false,
    "quiz_submission_versions_html_url": "https://canvas.umn.edu/courses/544898/quizzes/1132483/submission_versions",
    "assignment_id": 5038761,
    "one_time_results": false,
    "visible_to_everyone": true,
    "assignment_group_id": 1057508,
    "show_correct_answers_last_attempt": false,
    "version_number": 7,
    "has_access_code": false,
    "post_to_sis": false,
    "migration_id": "gc895bb175219278a0e4c7d146cd3e188",
    "in_paced_course": false
  },
  {
    "id": 1132488,
    "title": "Quiz - Qualitative Research",
    "html_url": "https://canvas.umn.edu/courses/544898/quizzes/1132488",
    "mobile_url": "https://canvas.umn.edu/courses/544898/quizzes/1132488?force_user=1&persist_headless=1",
    "description": "<p>Test your knowledge of this week's materials. You have 20 minutes to complete the quiz.</p>",
    "quiz_type": "assignment",
    "time_limit": 20,
    "timer_autosubmit_disabled": false,
    "shuffle_answers": true,
    "show_correct_answers": false,
    "scoring_policy": "keep_highest",
    "allowed_attempts": 1,
    "one_question_at_a_time": true,
    "question_count": 5,
    "points_possible": 5.0,
    "cant_go_back": false,
    "ip_filter": null,
    "due_at": "2026-02-02T05:59:00Z",
    "lock_at": "2026-03-09T04:59:00Z",
    "unlock_at": "2026-01-26T06:00:00Z",
    "published": true,
    "locked_for_user": false,
    "hide_results": null,
    "show_correct_answers_at": null,
    "hide_correct_answers_at": null,
    "all_dates": [
      {
        "due_at": "2026-02-02T05:59:00Z",
        "unlock_at": "2026-01-26T06:00:00Z",
        "lock_at": "2026-03-09T04:59:00Z",
        "title": "Everyone",
        "base": true
      }
    ],
    "can_update": false,
    "require_lockdown_browser": false,
    "require_lockdown_browser_for_results": false,
    "require_lockdown_browser_monitor": false,
    "lockdown_browser_monitor_data": "",
    "permissions": {
      "read": true,
      "create": false,
      "manage": false,
      "update": false,
      "submit": true,
      "preview": false,
      "delete": false,
      "read_statistics": false,
      "grade": false,
      "review_grades": false,
      "view_answer_audits": false,
      "manage_assign_to": false
    },
    "quiz_reports_url": "https://canvas.umn.edu/api/v1/courses/544898/quizzes/1132488/reports",
    "quiz_statistics_url": "https://canvas.umn.edu/api/v1/courses/544898/quizzes/1132488/statistics",
    "important_dates": false,
    "quiz_submission_versions_html_url": "https://canvas.umn.edu/courses/544898/quizzes/1132488/submission_versions",
    "assignment_id": 5038766,
    "one_time_results": false,
    "visible_to_everyone": true,
    "assignment_group_id": 1057508,
    "show_correct_answers_last_attempt": false,
    "version_number": 5,
    "has_access_code": false,
    "post_to_sis": false,
    "migration_id": "g9c3ac5762c9949412f8dde8d191f528f",
    "in_paced_course": false
  },
  {
    "id": 1132487,
    "title": "Quiz – Data Cleaning and Descriptive Statistics",
    "html_url": "https://canvas.umn.edu/courses/544898/quizzes/1132487",
    "mobile_url": "https://canvas.umn.edu/courses/544898/quizzes/1132487?force_user=1&persist_headless=1",
    "description": "",
    "quiz_type": "assignment",
    "time_limit": 60,
    "timer_autosubmit_disabled": false,
    "shuffle_answers": true,
    "show_correct_answers": false,
    "scoring_policy": "keep_highest",
    "allowed_attempts": 1,
    "one_question_at_a_time": true,
    "question_count": 5,
    "points_possible": 13.0,
    "cant_go_back": false,
    "ip_filter": null,
    "due_at": "2026-02-23T05:59:00Z",
    "lock_at": "2026-03-09T04:59:00Z",
    "unlock_at": "2026-02-16T06:00:00Z",
    "published": true,
    "locked_for_user": true,
    "lock_info": {
      "unlock_at": "2026-02-16T06:00:00Z",
      "asset_string": "quizzes:quiz_1132487"
    },
    "lock_explanation": "This quiz is locked until Feb 16 at 12am.",
    "hide_results": null,
    "show_correct_answers_at": null,
    "hide_correct_answers_at": null,
    "all_dates": [
      {
        "due_at": "2026-02-23T05:59:00Z",
        "unlock_at": "2026-02-16T06:00:00Z",
        "lock_at": "2026-03-09T04:59:00Z",
        "title": "Everyone",
        "base": true
      }
    ],
    "can_update": false,
    "require_lockdown_browser": false,
    "require_lockdown_browser_for_results": false,
    "require_lockdown_browser_monitor": false,
    "lockdown_browser_monitor_data": "",
    "permissions": {
      "read": true,
      "create": false,
      "manage": false,
      "update": false,
      "submit": true,
      "preview": false,
      "delete": false,
      "read_statistics": false,
      "grade": false,
      "review_grades": false,
      "view_answer_audits": false,
      "manage_assign_to": false
    },
    "quiz_reports_url": "https://canvas.umn.edu/api/v1/courses/544898/quizzes/1132487/reports",
    "quiz_statistics_url": "https://canvas.umn.edu/api/v1/courses/544898/quizzes/1132487/statistics",
    "important_dates": false,
    "quiz_submission_versions_html_url": "https://canvas.umn.edu/courses/544898/quizzes/1132487/submission_versions",
    "assignment_id": 5038765,
    "one_time_results": false,
    "visible_to_everyone": true,
    "assignment_group_id": 1057508,
    "show_correct_answers_last_attempt": false,
    "version_number": 6,
    "has_access_code": false,
    "post_to_sis": false,
    "migration_id": "g22fb44833db86ac3173e6f5fad3383f4",
    "in_paced_course": false
  },
  {
    "id": 1132484,
    "title": "Quiz - Survey Research",
    "html_url": "https://canvas.umn.edu/courses/544898/quizzes/1132484",
    "mobile_url": "https://canvas.umn.edu/courses/544898/quizzes/1132484?force_user=1&persist_headless=1",
    "description": "<p><span>Test your knowledge of this week's materials. You have 40 minutes to complete the quiz.</span></p>",
    "quiz_type": "assignment",
    "time_limit": 40,
    "timer_autosubmit_disabled": false,
    "shuffle_answers": true,
    "show_correct_answers": false,
    "scoring_policy": "keep_highest",
    "allowed_attempts": 1,
    "one_question_at_a_time": true,
    "question_count": 7,
    "points_possible": 7.0,
    "cant_go_back": false,
    "ip_filter": null,
    "due_at": "2026-02-11T05:59:59Z",
    "lock_at": "2026-03-09T04:59:59Z",
    "unlock_at": "2026-02-02T06:00:00Z",
    "published": true,
    "locked_for_user": false,
    "hide_results": null,
    "show_correct_answers_at": null,
    "hide_correct_answers_at": null,
    "all_dates": [
      {
        "due_at": "2026-02-11T05:59:59Z",
        "unlock_at": "2026-02-02T06:00:00Z",
        "lock_at": "2026-03-09T04:59:59Z",
        "title": "Everyone",
        "base": true
      }
    ],
    "can_update": false,
    "require_lockdown_browser": false,
    "require_lockdown_browser_for_results": false,
    "require_lockdown_browser_monitor": false,
    "lockdown_browser_monitor_data": "",
    "permissions": {
      "read": true,
      "create": false,
      "manage": false,
      "update": false,
      "submit": true,
      "preview": false,
      "delete": false,
      "read_statistics": false,
      "grade": false,
      "review_grades": false,
      "view_answer_audits": false,
      "manage_assign_to": false
    },
    "quiz_reports_url": "https://canvas.umn.edu/api/v1/courses/544898/quizzes/1132484/reports",
    "quiz_statistics_url": "https://canvas.umn.edu/api/v1/courses/544898/quizzes/1132484/statistics",
    "important_dates": false,
    "quiz_submission_versions_html_url": "https://canvas.umn.edu/courses/544898/quizzes/1132484/submission_versions",
    "assignment_id": 5038762,
    "one_time_results": true,
    "visible_to_everyone": true,
    "assignment_group_id": 1057508,
    "show_correct_answers_last_attempt": false,
    "version_number": 8,
    "has_access_code": false,
    "post_to_sis": false,
    "migration_id": "g0ffa322d09660c724eb4b6dc81065d09",
    "in_paced_course": false
  },
  {
    "id": 1132486,
    "title": "Quiz - Project Background",
    "html_url": "https://canvas.umn.edu/courses/544898/quizzes/1132486",
    "mobile_url": "https://canvas.umn.edu/courses/544898/quizzes/1132486?force_user=1&persist_headless=1",
    "description": "<p>This quiz is different from the rest of the quizzes we'll have this term in that I'm primarily looking for your opinions. I will ask you some questions about the group project. Don't start the quiz until after you've had a chance to review the syllabus and group project guidelines. You'll have 30 minutes to complete the quiz, but you can probably complete it much faster.</p>",
    "quiz_type": "assignment",
    "time_limit": 30,
    "timer_autosubmit_disabled": false,
    "shuffle_answers": false,
    "show_correct_answers": false,
    "scoring_policy": "keep_highest",
    "allowed_attempts": -1,
    "one_question_at_a_time": true,
    "question_count": 6,
    "points_possible": 1.0,
    "cant_go_back": false,
    "ip_filter": null,
    "due_at": "2026-01-24T05:59:00Z",
    "lock_at": null,
    "unlock_at": "2026-01-20T06:00:00Z",
    "published": true,
    "locked_for_user": false,
    "hide_results": "always",
    "show_correct_answers_at": null,
    "hide_correct_answers_at": null,
    "all_dates": [
      {
        "due_at": "2026-01-24T05:59:00Z",
        "unlock_at": "2026-01-20T06:00:00Z",
        "lock_at": null,
        "title": "Everyone",
        "base": true
      }
    ],
    "can_update": false,
    "require_lockdown_browser": false,
    "require_lockdown_browser_for_results": false,
    "require_lockdown_browser_monitor": false,
    "lockdown_browser_monitor_data": "",
    "permissions": {
      "read": true,
      "create": false,
      "manage": false,
      "update": false,
      "submit": true,
      "preview": false,
      "delete": false,
      "read_statistics": false,
      "grade": false,
      "review_grades": false,
      "view_answer_audits": false,
      "manage_assign_to": false
    },
    "quiz_reports_url": "https://canvas.umn.edu/api/v1/courses/544898/quizzes/1132486/reports",
    "quiz_statistics_url": "https://canvas.umn.edu/api/v1/courses/544898/quizzes/1132486/statistics",
    "important_dates": false,
    "quiz_submission_versions_html_url": "https://canvas.umn.edu/courses/544898/quizzes/1132486/submission_versions",
    "assignment_id": 5038764,
    "one_time_results": false,
    "visible_to_everyone": true,
    "assignment_group_id": 1057508,
    "show_correct_answers_last_attempt": false,
    "version_number": 3,
    "has_access_code": false,
    "post_to_sis": false,
    "migration_id": "gc29964e606cd82f8df0b31377b2fcd27",
    "in_paced_course": false
  }
]