[
  {
    "id": 15738857,
    "position": 1,
    "title": "Module 01: Overview",
    "indent": 0,
    "quiz_lti": false,
    "type": "Page",
    "module_id": 2594464,
    "html_url": "https://canvas.umn.edu/courses/544898/modules/items/15738857",
    "page_url": "module-01-overview",
    "publish_at": null,
    "url": "https://canvas.umn.edu/api/v1/courses/544898/pages/module-01-overview"
  },
  {
    "id": 15738858,
    "position": 2,
    "title": "Lecture PowerPoints & Group Guidelines",
    "indent": 0,
    "quiz_lti": false,
    "type": "SubHeader",
    "module_id": 2594464
  },
  {
    "id": 15738859,
    "position": 3,
    "title": "Week1a_Intro.pdf",
    "indent": 1,
    "quiz_lti": false,
    "type": "File",
    "module_id": 2594464,
    "html_url": "https://canvas.umn.edu/courses/544898/modules/items/15738859",
    "content_id": 59150071,
    "url": "https://canvas.umn.edu/api/v1/courses/544898/files/59150071"
  },
  {
    "id": 16269639,
    "position": 4,
    "title": "Week1b_ResearchProcess.pptx",
    "indent": 1,
    "quiz_lti": false,
    "type": "File",
    "module_id": 2594464,
    "html_url": "https://canvas.umn.edu/courses/544898/modules/items/16269639",
    "content_id": 59196917,
    "url": "https://canvas.umn.edu/api/v1/courses/544898/files/59196917"
  },
  {
    "id": 16202697,
    "position": 5,
    "title": "Group_Project_Guidelines Spring 2026.pdf",
    "indent": 1,
    "quiz_lti": false,
    "type": "File",
    "module_id": 2594464,
    "html_url": "https://canvas.umn.edu/courses/544898/modules/items/16202697",
    "content_id": 59048673,
    "url": "https://canvas.umn.edu/api/v1/courses/544898/files/59048673"
  },
  {
    "id": 15738867,
    "position": 11,
    "title": "Activities",
    "indent": 0,
    "quiz_lti": false,
    "type": "SubHeader",
    "module_id": 2594464
  },
  {
    "id": 15738868,
    "position": 12,
    "title": "Quiz - Project Background",
    "indent": 1,
    "quiz_lti": false,
    "type": "Quiz",
    "module_id": 2594464,
    "html_url": "https://canvas.umn.edu/courses/544898/modules/items/15738868",
    "content_id": 1132486,
    "url": "https://canvas.umn.edu/api/v1/courses/544898/quizzes/1132486"
  }
]