[
  {
    "id": 15738853,
    "position": 1,
    "title": "Your Instructor",
    "indent": 0,
    "quiz_lti": false,
    "type": "Page",
    "module_id": 2594463,
    "html_url": "https://canvas.umn.edu/courses/544898/modules/items/15738853",
    "page_url": "your-instructor",
    "publish_at": null,
    "url": "https://canvas.umn.edu/api/v1/courses/544898/pages/your-instructor"
  },
  {
    "id": 15738854,
    "position": 2,
    "title": "Canvas Information: Student Help Resources",
    "indent": 0,
    "quiz_lti": false,
    "type": "ExternalUrl",
    "module_id": 2594463,
    "html_url": "https://canvas.umn.edu/api/v1/courses/544898/module_item_redirect/15738854",
    "external_url": "https://it.umn.edu/canvas-transition-information-student",
    "new_tab": true
  }
]