[
  {
    "canvas_module_id": 2594463,
    "module_name": "Start Here",
    "module_item_id": 15738853,
    "type": "Page",
    "title": "Your Instructor",
    "position": 1,
    "published": null,
    "content_id": null,
    "page_url": "your-instructor",
    "external_url": null,
    "source_url": "https://canvas.umn.edu/courses/544898/modules/items/15738853",
    "local_path": "html/pages/Your Instructor.html"
  },
  {
    "canvas_module_id": 2594463,
    "module_name": "Start Here",
    "module_item_id": 15738854,
    "type": "ExternalUrl",
    "title": "Canvas Information: Student Help Resources",
    "position": 2,
    "published": null,
    "content_id": null,
    "page_url": null,
    "external_url": "https://it.umn.edu/canvas-transition-information-student",
    "source_url": "https://canvas.umn.edu/api/v1/courses/544898/module_item_redirect/15738854",
    "local_path": null
  },
  {
    "canvas_module_id": 2594464,
    "module_name": "Module 01",
    "module_item_id": 15738857,
    "type": "Page",
    "title": "Module 01: Overview",
    "position": 1,
    "published": null,
    "content_id": null,
    "page_url": "module-01-overview",
    "external_url": null,
    "source_url": "https://canvas.umn.edu/courses/544898/modules/items/15738857",
    "local_path": "html/pages/Module 01 Overview.html"
  },
  {
    "canvas_module_id": 2594464,
    "module_name": "Module 01",
    "module_item_id": 15738858,
    "type": "SubHeader",
    "title": "Lecture PowerPoints & Group Guidelines",
    "position": 2,
    "published": null,
    "content_id": null,
    "page_url": null,
    "external_url": null,
    "source_url": null,
    "local_path": null
  },
  {
    "canvas_module_id": 2594464,
    "module_name": "Module 01",
    "module_item_id": 15738859,
    "type": "File",
    "title": "Week1a_Intro.pdf",
    "position": 3,
    "published": null,
    "content_id": 59150071,
    "page_url": null,
    "external_url": null,
    "source_url": "https://canvas.umn.edu/courses/544898/modules/items/15738859",
    "local_path": null
  },
  {
    "canvas_module_id": 2594464,
    "module_name": "Module 01",
    "module_item_id": 16269639,
    "type": "File",
    "title": "Week1b_ResearchProcess.pptx",
    "position": 4,
    "published": null,
    "content_id": 59196917,
    "page_url": null,
    "external_url": null,
    "source_url": "https://canvas.umn.edu/courses/544898/modules/items/16269639",
    "local_path": null
  },
  {
    "canvas_module_id": 2594464,
    "module_name": "Module 01",
    "module_item_id": 16202697,
    "type": "File",
    "title": "Group_Project_Guidelines Spring 2026.pdf",
    "position": 5,
    "published": null,
    "content_id": 59048673,
    "page_url": null,
    "external_url": null,
    "source_url": "https://canvas.umn.edu/courses/544898/modules/items/16202697",
    "local_path": null
  },
  {
    "canvas_module_id": 2594464,
    "module_name": "Module 01",
    "module_item_id": 15738867,
    "type": "SubHeader",
    "title": "Activities",
    "position": 11,
    "published": null,
    "content_id": null,
    "page_url": null,
    "external_url": null,
    "source_url": null,
    "local_path": null
  },
  {
    "canvas_module_id": 2594464,
    "module_name": "Module 01",
    "module_item_id": 15738868,
    "type": "Quiz",
    "title": "Quiz - Project Background",
    "position": 12,
    "published": null,
    "content_id": 1132486,
    "page_url": null,
    "external_url": null,
    "source_url": "https://canvas.umn.edu/courses/544898/modules/items/15738868",
    "local_path": null
  },
  {
    "canvas_module_id": 2594465,
    "module_name": "Module 02",
    "module_item_id": 15738869,
    "type": "Page",
    "title": "Module 02: Qualitative Research and Survey Research Part I",
    "position": 1,
    "published": null,
    "content_id": null,
    "page_url": "module-02-qualitative-research-and-survey-research-part-i",
    "external_url": null,
    "source_url": "https://canvas.umn.edu/courses/544898/modules/items/15738869",
    "local_path": "html/pages/Module 02 Qualitative Research and Survey Research Part I.html"
  },
  {
    "canvas_module_id": 2594465,
    "module_name": "Module 02",
    "module_item_id": 15738870,
    "type": "SubHeader",
    "title": "Lecture PowerPoints",
    "position": 2,
    "published": null,
    "content_id": null,
    "page_url": null,
    "external_url": null,
    "source_url": null,
    "local_path": null
  },
  {
    "canvas_module_id": 2594465,
    "module_name": "Module 02",
    "module_item_id": 16289234,
    "type": "File",
    "title": "Wee2a_Qualitative Research.pptx",
    "position": 4,
    "published": null,
    "content_id": 59303203,
    "page_url": null,
    "external_url": null,
    "source_url": "https://canvas.umn.edu/courses/544898/modules/items/16289234",
    "local_path": null
  },
  {
    "canvas_module_id": 2594465,
    "module_name": "Module 02",
    "module_item_id": 16296120,
    "type": "File",
    "title": "Week2b_Survey Research.pptx",
    "position": 7,
    "published": null,
    "content_id": 59368554,
    "page_url": null,
    "external_url": null,
    "source_url": "https://canvas.umn.edu/courses/544898/modules/items/16296120",
    "local_path": null
  },
  {
    "canvas_module_id": 2594465,
    "module_name": "Module 02",
    "module_item_id": 15738879,
    "type": "SubHeader",
    "title": "Activities",
    "position": 12,
    "published": null,
    "content_id": null,
    "page_url": null,
    "external_url": null,
    "source_url": null,
    "local_path": null
  },
  {
    "canvas_module_id": 2594465,
    "module_name": "Module 02",
    "module_item_id": 15738880,
    "type": "Quiz",
    "title": "Quiz - Qualitative Research",
    "position": 13,
    "published": null,
    "content_id": 1132488,
    "page_url": null,
    "external_url": null,
    "source_url": "https://canvas.umn.edu/courses/544898/modules/items/15738880",
    "local_path": null
  },
  {
    "canvas_module_id": 2594465,
    "module_name": "Module 02",
    "module_item_id": 15738881,
    "type": "Assignment",
    "title": "Group Research - Define research question and company",
    "position": 14,
    "published": null,
    "content_id": 5038768,
    "page_url": null,
    "external_url": null,
    "source_url": "https://canvas.umn.edu/courses/544898/modules/items/15738881",
    "local_path": "html/assignments/5038768__Group Research - Define research question and company.html"
  },
  {
    "canvas_module_id": 2594466,
    "module_name": "Module 03",
    "module_item_id": 15738882,
    "type": "Page",
    "title": "Module 3: Survey Research Part II",
    "position": 1,
    "published": null,
    "content_id": null,
    "page_url": "module-3-survey-research-part-ii",
    "external_url": null,
    "source_url": "https://canvas.umn.edu/courses/544898/modules/items/15738882",
    "local_path": "html/pages/Module 3 Survey Research Part II.html"
  },
  {
    "canvas_module_id": 2594466,
    "module_name": "Module 03",
    "module_item_id": 16309756,
    "type": "File",
    "title": "Week3a_Survey Questionnaire Design.pptx",
    "position": 3,
    "published": null,
    "content_id": 59509069,
    "page_url": null,
    "external_url": null,
    "source_url": "https://canvas.umn.edu/courses/544898/modules/items/16309756",
    "local_path": null
  },
  {
    "canvas_module_id": 2594466,
    "module_name": "Module 03",
    "module_item_id": 15738892,
    "type": "SubHeader",
    "title": "Activities",
    "position": 5,
    "published": null,
    "content_id": null,
    "page_url": null,
    "external_url": null,
    "source_url": null,
    "local_path": null
  },
  {
    "canvas_module_id": 2594466,
    "module_name": "Module 03",
    "module_item_id": 16309758,
    "type": "File",
    "title": "Flawed_Survey_Questionnaire_QuickBite.docx",
    "position": 6,
    "published": null,
    "content_id": 59509062,
    "page_url": null,
    "external_url": null,
    "source_url": "https://canvas.umn.edu/courses/544898/modules/items/16309758",
    "local_path": null
  },
  {
    "canvas_module_id": 2594466,
    "module_name": "Module 03",
    "module_item_id": 15738893,
    "type": "Assignment",
    "title": "Group Research - Qualitative Research Plan",
    "position": 7,
    "published": null,
    "content_id": 5038770,
    "page_url": null,
    "external_url": null,
    "source_url": "https://canvas.umn.edu/courses/544898/modules/items/15738893",
    "local_path": "html/assignments/5038770__Group Research - Qualitative Research Plan.html"
  },
  {
    "canvas_module_id": 2594466,
    "module_name": "Module 03",
    "module_item_id": 15738894,
    "type": "Quiz",
    "title": "Quiz - Survey Research",
    "position": 8,
    "published": null,
    "content_id": 1132484,
    "page_url": null,
    "external_url": null,
    "source_url": "https://canvas.umn.edu/courses/544898/modules/items/15738894",
    "local_path": null
  }
]